Group 1,Group 2,H,p-value,q-value
NC (n=6),Tomato (n=6),3.6923076923076934,0.054663935891675085,0.054663935891675085
