Group 1,Group 2,H,p-value,q-value
NC (n=6),Tomato (n=6),8.307692307692314,0.003947751856903446,0.003947751856903446
